HolderAddress,Balance,PendingBalanceUpdate
0x0093660a2f58c0c38ce2ce0f894c86f9011478ea,0.00012162,No
0x00e839bc0c9a130afe30974914c4b0100756cff4,2.00E-08,No
0x01894ddf668719ae49d364e6c77d21cfa3926ac6,1.60E-06,No
0x01b27aeaa3b67577609538155d637b08f0779069,0.00017259,No
0x022cf8fcf32a0af972cb723d82e0120b43c79af0,3.28E-06,No
0x02ccbf14d05af1bba1c85c0e4ebe34450b4bc3a1,4.60E-07,No
0x03051aba8bbf9fc5d38ac4554bfae1e84b9dd8ca,1.60E-06,No
0x03188444e0ec5e63d99350baedd479ebcab82f63,0.01600002,No
0x032bb3d64f289e35ec8642c9bf2bdad7d73529d0,1.01E-06,No
0x045a41a9d9cb0fc81cfe1e8f486e5c53a3b3ce8b,0.00101967,No
0x046773a7aa676523f981676b67e9f01719ca9eb3,0.12400348,No
0x047a96ef72d7ee6a3f193bdb92e998fb300265df,0.17422483,No
0x04c873241fe90e09ceaa93cdab3cc5c55ab863cd,6.00E-08,No
0x04fc359e0a815db4ee2498873da41a0143a594aa,1.00E-08,No
0x05ae01015bd81d82e90c0263c5a90a948bef4bb9,0.93200001,No
0x05e5ab383f3c2d423cfd118b83420261ab0990bc,0.01305147,No
0x0684dcf71bf2f5d0cb2c3a4e1f58ec4b3733d5da,1.60E-06,No
0x070360c5b5f61bd72a7418490bf57f6d9d4a45e1,7.00E-08,No
0x07315648f9eba3d9f8b352675aefdfdd055f4891,0.20420005,No
0x07619fbec9132d12f81b8de9e6a82e6de2589765,0.56253796,No
0x078e0c8f65b66e697b5b5402fa579ae67b8b2812,1.76E-06,No
0x085f29857f26dfd4d4b3560b7f2ff2e79871d83d,0.03975226,No
0x08605217bec0f3c5fdd537f0f5991703ddc69a80,0.06525553,No
0x08940c8f946aac34e460f7883b630ce2c7dc8506,0.002,No
0x08cfbd8466d06339ed762222e649ec72ff51f66b,4.70E-07,No
0x096a0a4da27c6b7c8f8bc890671bd6191d38be4f,1.70E-06,No
0x09c739ee270697bbe818b026d22cbe32eb57140a,0.02850441,No
0x0a052c5713693ec4641b786d040a3533ea01ac4c,3.08E-06,No
0x0a9df13e61e3e8c1d50580ff5236fed3eabfa2a6,1.11E-06,No
0x0b3abf8391fabe5f3d504c83363185354e2ae37a,0.29863838,No
0x0b68f2a2fe18fd0ceace275147ed25dfdc685604,3.71E-06,No
0x0b7e06b845e7706a217166ef3b833a53c5897f3d,0.01054574,No
0x0c1e45402b1ec9e05e29f1dc836b5f521d9c047a,0.02963676,No
0x0c2e087db8639c03c6b9cc2ba89ecfbc485dae72,4.00E-08,No
0x0c485f9709163da9c55ce0707a3d3ad836576202,0.10932281,No
0x0c5e86d30f9868d611e14183c9023c9fffddcf4d,0.016,No
0x0cd6d945344dc44d26958bb72c50d18642ea05a5,0.05,No
0x0d1a05882376e32bb9fe9fcf44a8610cff9b74d8,0.00418589,No
0x0d492c9bfd27778ee42270f7e5bbd9b73cf56c49,0.07448191,No
0x0da0782d67cfd5afc11c1fa23c7ac5db677ac19a,0.03842747,No
0x0e2353516eb6208aa84a552b9a1ee5f13edada57,0.05,No
0x0e32114d4f20b8e04cee80f69f96456492639b13,0.00760555,No
0x0e81f7af4698cfe49cf5099a7d1e3e4421d5d1af,39.8542048,No
0x0e839add9caf3db9244c4821046d389ebde46adf,3.41E-06,No
0x0e8567371b7b457ecace04cba9a660190e4a763e,2.02E-05,No
0x0eb7f5dbc73f90f5541624547ee94ab61cbba5ce,0.41500017,No
0x0f13b53d57d827ec488a4141c6e1b3a88fd983ad,8.15E-05,No
0x0f279bb6be5be8cf440470a7f3e3db037f7a9d0e,0.00028,No
0x0f632e4831fac0c41733af40c46045f066cc7837,0.20422718,No
0x102c60ef4d5815a7d9bff6b7b6be34a021d02b8b,0.00088,No
0x104cef51c50a754e4892a1cf2dedd617161da721,1.70E-06,No
0x108a8b7200d044bbbe95bef6f671baec5473e05f,0.4754078,No
0x1107602d51193953cfe4cb8a4b01d846e7e426ab,1.64E-05,No
0x1136e8bd504973283d4497b66d212d0887674a61,8.60E-07,No
0x11a76cfa80f861f2bf6030b5564013623a3d28fb,0.00417204,No
0x11ed64371ea5e6a29f961a75da4ed490cd381bcc,1.60E-06,No
0x1291c69cfbe7744e34dc5a73ce88782b8590117d,0.00250452,No
0x12b267f3108cfef44834ff6bc88acab4957e4093,0.01,No
0x12fc5c6e2a444e2734927f4219ca910e241cece2,8.10E-07,No
0x12ffd3da051feafe38d5420bf08ef112f1dfc7c2,0.004,No
0x136bcd18f5a8bdc7ddc9d1dc99ea115c1494c669,0.00034889,No
0x1379644d7ebe57a6001f8f51fda7b0e6118ffbe4,0.013,No
0x13a9bcf887142f70c53f52df7ccd9a832a72a775,0.3,No
0x13ebbd1d045f7fc2c20a38c25eeec3acc09782dc,2.95E-06,No
0x141e17533e5bf1705363a94245f15ffd9d37d6b1,3.83E-06,No
0x1443b072c65dcd51bf93f9846ceb6d1323789dc0,0.00164978,No
0x14adbaaae6c333d740dfd3f31c70cc82e646b6af,0.028,No
0x15319ff92e41dbdb2e721ce8147c53a26e8bff68,1.00E-08,No
0x15c548d23cfd084a526b905e21a2556294cf1d5b,0.4007265,No
0x160dd1b72b4380662bf80c27a0655be7f2688f15,1.60E-06,No
0x1717a3ab75ebf67bd4bb48008918770b29a3fc83,5.00E-08,No
0x1771168912cfca2bdb1db1933157cb6d8130768b,0.00224033,No
0x197a47f34d8e9f12c79a4b377a5bae455f0a4ad2,1.60E-06,No
0x19a0d0cfc60a317d95080da5a5457d197b21a9a7,1.60E-06,No
0x1a0eedf54eefe9993bfddd77b91d0f6cee9cc4cb,1.60E-06,No
0x1a5c81a9119372dd693768bbcd353bf9d081d291,1.20E-07,No
0x1aa5834b797ac3b21e7c273f23ab29302d1b1e94,5.70E-07,No
0x1ae6912e08bb3e105a4f0a60f666376d3c7af380,0.00020065,No
0x1afbaf2fdfa201857140f09ef79dd568daa5ed97,0.07522347,No
0x1b5c89ca5880cba9ba81f856d7bdb24a4fab1129,0.07134733,No
0x1b927f5f8680b660be3f545a36bffca62628d762,4.00E-08,No
0x1ba2a537a771aa4eac2f18427716557e4e744864,0.01020004,No
0x1c04e89f24e02f728c537db1619e8158a1ef5f92,0.07010148,No
0x1c65dd3a7b749d888c9dbffceb98bd38e7fa1e32,0.02090255,No
0x1cc88b4d07cf67b604ba83eecc8b2c03509bbe82,0.0004483,No
0x1cd52740701389eecaefb4f96c12ad9fca4a4ba0,0.14487251,No
0x1ce99932fd278e00911814dc4bd403e1293d8ed2,0.01184871,No
0x1d54cea7521dc13952dce12d7065419eccf09f92,0.00017485,No
0x1dbb3eb481eff678092b36c6f895d7f907bb5850,0.01681892,No
0x1deac6c507331017693c46dfb219ff2cbab60d1e,8.10E-07,No
0x1e313878498b9cd2c04f6594a2a288374953e93c,0.005,No
0x1f452f2beea8c1105cd5363b18a0995367a87d97,0.002,No
0x1fac6eee2197c98d1ef0f166eccffa8632e9a279,0.0016,No
0x1fc1b943977e965bb484c20c9739b2a0fed0d964,1.60E-06,No
0x1fe4c067f4775cf7ad692d1a0f5626410c6f0672,3.69E-06,No
0x1ffded5dba64b5086b594d025170027d27f4773c,1.13893797,No
0x207ab69477c83fba9c516dc1d9c006d5d38312f8,2.41E-06,No
0x2080c34508dd9aa10305719b414ddfb8b2ba4c6c,1.00E-08,No
0x21ae231000e0ed928897368e5a0e63b1f5aba523,0.01282606,No
0x21bfcf320ae6beb785cf40475d1fb4443f28b094,2.98E-06,No
0x2227fe9b910baee090e9facd7b7f4cbb45f94f8e,1.90E-07,No
0x225402045a817b117c3339854727cef6d4d78e2d,0.03,No
0x22610cb8042cfe7e0e1ab1fa30d2118589d87821,2.29283224,No
0x2339b636228930870b4fb23c646907e597bddfb1,1.60E-06,No
0x240e6e3d8abab3c95a85a3ec3d33a532f121aebf,5.68E-05,No
0x24153536bcf8084b1f115e0c2ae03102d8229dbc,3.11E-06,No
0x259741afe8a6232877131f039da60de150a72906,1.60E-06,No
0x2598ccca70cf5777d7efed67e00edb6a9957df6b,3.17E-06,No
0x25be707bbf71cee4f062f574e665f142e82cabcf,0.00070969,No
0x260ee17a52493c81c6dd3692e3b54deae6abf473,0.00470739,No
0x262792d915c4aab37f3f03b0a58f0c7833402203,2.87E-06,No
0x2645045b68cf27e8acb51eee76e64f607ff2ea64,0.00036223,No
0x2649f51279bf73d4cc6f0199eadf9d6e7fe89736,3.63E-06,No
0x274780a953366f94b2d124667ced9e6e2af8dd61,4.01E-06,No
0x27d4b74672aa7414f491424773b1dbaf6632cadf,0.31742925,No
0x27f72c342685398c86cff026bc813e7ea74876c3,0.22967455,No
0x281d721013beffabebf53834959df127180b01f3,1.60E-06,No
0x288ca9091f1caa9eb83adeb329dcc8f4c0c12e0f,0.1496293,No
0x28bda482986eaf69c7d6f13bac59780e7fa60fc5,0.018,No
0x28ef90861cfed017975d337ec979f0c9a6c99370,0.0025,No
0x29c7b44e0584624c1e877d3ee0856520e2851ba6,3.05E-06,No
0x29ccd9d26a3d27f9ebd44005456f59540a055de6,2.40E-07,No
0x2a44307deac26bb8f09eaa06377178e7f78cb0c5,0.011,No
0x2a4c7d66583b89e81229c3d42cb523a716df09af,0.00739007,No
0x2a578a939bdc5486fa8c4f0ef865b71cca03ab7a,0.03737,No
0x2a5945f1403d5d729d21adbe70b191cd9dfe90af,0.014,No
0x2a5d4f800464007ce4a31cbc1e670e70b51810f1,0.04025984,No
0x2a94a05d5c67066c011afbef5a9da3c56a06ddbc,1.60E-06,No
0x2bec82ce6d156b28989d25fccaaea1df5f3e0d16,0.00181159,No
0x2c12bff3265c58a7141f81e67367abe65fc1a975,0.01140209,No
0x2c5ce47508ca85f629f79609d7ea1ae37eddefa1,0.57000001,No
0x2d2479ebc9d285cbbffd832aa5e8c01b2810dbe7,0.00079737,No
0x2e1e71b6f46459692315cbc944fc3be220516fd2,9.00E-07,No
0x2e76ed3954e8eb29784bb26e7b94d90fa8a4faca,8.10E-07,No
0x2ef6b259f19276e4a8fac5c455e2130e27414a10,2.39E-06,No
0x2f16fd1adc2b9eaa06c45962aa6359d5e734b761,3.56E-06,No
0x2f4041d16a3f97ada1d1bd2153bd5f8b04e9acb1,4.22E-06,No
0x2f45724d7e384b38d5c97206e78470544304887f,3.74E-05,No
0x30707a250d8ee649e772e9a120532bcc2289ab35,0.04090766,No
0x307a502f3160a3455debb94776934daddc166534,1.60E-06,No
0x30887fc55cbfad3487cb55bfe1779f6d2ba1c118,18.96685852,No
0x30a96a5c039a9aa29dd0defd8a6e7573ff17eaa5,0.06893212,No
0x311ddf76c51051c9a32653d692f7a78fd6e48106,0.0245,No
0x31c30df61a997d7b449e4c6c539ce17a2d877691,205.5000008,No
0x31d84efd705ba039a712df93b72301feb5390a19,0.00015281,No
0x31fca1d8410a2496e671d23618d6fe7df571e54b,0.045,No
0x3206324358c72953fb86a68260ac80d0986a7462,1.60E-06,No
0x32368c37c497d10d753a5515a7ae00d439413b1a,1.00E-08,No
0x328dc3e67909cb11838ca64887d3c64cd9a788eb,1.10E-06,No
0x32d338aa13c5ea751f701d7864dbddf862a97a8d,4.94608359,No
0x33de04497856c42c7757b049fb3f1be9e8406483,0.28800001,No
0x33e2db4ba1eb4336c89ef0aad4566c9c69e3d5b6,1.90E-06,No
0x341d0d1c2626407bec68963cebf56652a0989586,0.15,No
0x34bf29abceeae12bbea8019e77c87ea8a1f5ac1e,4.76E-06,No
0x35d8057986e6f96c2ddfa7e8589f1af72d0db1d8,3.27764016,No
0x36cf16d3f0c44a33721cf758b3ca5fc36929eb17,0.02600285,No
0x36e272fa836115837b1dce51fbd8f273f7d839d3,0.05951074,No
0x3777a06b71b2aaf105e855693c56768117712b6f,0.96543718,No
0x37c807cdb160c5e400901e026bfa41d5a4496436,0.02200664,No
0x38148ecc2078da7f65e6233dda28efaf4c51e96f,0.00596138,No
0x38256f28f0b5812f966871993e913d8fe7c1863a,0.20004739,No
0x385ae453da4fd2c5aeefb0e5d5e6343055934855,0.00615655,No
0x389d61f72cf48bba17b7af07c874a45af11fb0e8,2.92E-06,No
0x38caf77dfe8e588ec4179b8c395644312fc85c49,3.70E-07,No
0x397eadff98b18a0e8c1c1866b9e83ae887bac1f1,8.67E-06,No
0x39a09e4294498927d53559ff421f31e57aff98fb,3.11E-06,No
0x39feff80faa1a5683553c751a95818f5426ee8f1,2.72E-06,No
0x3a092c5ec7da6f53af05828cb0fa65126889afa4,1.20E-07,No
0x3bd1e8998c14c073e0c0748bb1e8f75ce82c923b,4.90E-07,No
0x3c169ff7f482cccfd16e67119218f881a1f1df0e,8.10E-07,No
0x3c2fb8cf7fa4e59fba89ab104045aac3c5d092a5,4.00E-08,No
0x3c8120f4fa2f95b752639f867f7d849626d55ae1,1.60E-06,No
0x3d10b8d4937cdc0968d78b387b557d740028e54b,4.52E-06,No
0x3d36650189b12e6c472fda6597252f11e3477c7c,2.00E-07,No
0x3d3fcbb3197df8c14a6c815d0eabd3f180794392,0.006,No
0x3d83d31f7e62b17ea5acc0b18c5051c24c92069d,1.00E-08,No
0x3d9d597f74f4a7d53e6b50f126a9f06b877fa086,22.23425083,No
0x3db260d042dc073aa6f27e3f269e89b022d193c5,0.01058564,No
0x3dd3d3477a6b2add44011d86c43eb80dfb9e273e,1.00E-08,No
0x3e4229367fea3a9c585dc0baddb14bb301b0ebed,1.60E-06,No
0x3e74a96138183081576c256afee02a416a7ec53a,1.34842072,No
0x3e9afb8b7f3d9e5d3b0d9920a8b4ae9f2a6fc9ac,2.80E-06,No
0x3eaff9769d94c34907a7b2fc13471ab810773b14,1.60E-06,No
0x3ee505ba316879d246a8fd2b3d7ee63b51b44fab,0.04864547,No
0x3fe5f2c00ae227172ec60558f8fa81239cba0acd,0.00632528,No
0x408551ca7a15625a6a75fb41edcfb6649f847f30,1.60E-06,No
0x40dfc27ca78b6fbcfb78e91d3d2426cf6a281e39,0.1,No
0x40e388b0e3aa56577c0820f33d4cf62223898bbc,0.085,No
0x41321108f48f9908a15f226988974da62c2a278b,1,No
0x4195e07a0e3cb2aecba22190861e64cf11252c11,0.03002294,No
0x42024752379d9a5755dd1b61ef78f28a563612b1,1.60E-06,No
0x42a60d2f2ffa2150c568010a8d425f0aad284fd2,0.00857914,No
0x42e5096956790939cde09f7982505bece5901310,0.0044023,No
0x4384962fd7660496d5cf295f9cd1b7fa03c75842,7.70E-07,No
0x43f11890f3d8ee704595eba88f52ee7d983b6907,3.49E-06,No
0x455d90c6e215fa22d123105c3e52ee182b7fa1cc,1.00E-08,No
0x465140b95c9a76d7cc44da557b8e92644edaf86f,0.1,No
0x467f5ecf005293b92f59fde6dd9ad16132471825,0.00313833,No
0x46a2e3b18c5264074e3b6b63ecbc41be4e731351,0.03,No
0x4707544b2ba5d5b19cb87624a77cb30d88218755,1.60E-06,No
0x4782908ed5ac8ddd4797b2f3d0d2ae34b3346210,3.90E-07,No
0x481b70fa82ccd9fc0f5237cf46578f5bea10f53b,0.02716716,No
0x483212807b4b0abae7ec50db57bd7200a7254a81,1.60E-06,No
0x4836b33662a0204cfcc17bf7553be0951cb6d01a,8.50000004,No
0x48d3013b121662748439a6e18cfdb386d8636f53,2.12E-06,No
0x4923ce9610524a9ba96cabab475f91108f972a0b,8.10E-07,No
0x493d5cd366e0361633ce000d5293a63d4a451c67,3.89E-06,No
0x49a5492fdfe5acc966dd5f41310dfdfe8daa349c,0.1001281,No
0x49d563a5742b4b5d455eaa473327601673788500,1.60E-06,No
0x4a090897f47993c2504144419751d6a91d79abf4,5.06666495,No
0x4ab3734d80e4838699ea3240c862127a23a5e2b3,0.0109316,No
0x4ae2d9af694446342186fbef3770f8f41232d399,1.60E-06,No
0x4b1fa071e31836f61bf26b10bf4d577345fddcf6,0.43020154,No
0x4bb485e0fbd75522803d369974476af10c9aeeb8,1.60E-06,No
0x4c86ffb4092962ac31bbfde8886aa47223ff0de3,3.63E-06,No
0x4cae0b0e66a1c55137df4a1175c1a612d44592fe,0.00010683,No
0x4d1712e0d695cf1648c990e0f37ae15f7ce8c169,8.10E-07,No
0x4d5a52e8cfbf2d73515f6280042ef7faa2674120,0.00502024,No
0x4df2c9748ae60460f8f1dec8ba722f3c02dad9dd,0.02553121,No
0x4e19a3c6596daa98745a3ac1257846ae1e21cc85,2.82E-06,No
0x4eb5935acf02b0aa31f2497f44ffae93af0f14c1,3.47E-06,No
0x5106d0e8a6bd2ec15e8ac2d86cdc8292d093bea6,2.57E-06,No
0x510ff10effd8b645d177b04541544dd54067c839,0.00019022,No
0x51da134f3d0f7a1d6c69b8d6f67205a7f889b5c0,0.03,No
0x525a8982a0cda93d954b1b46bf364973ff74c226,0.01378513,No
0x526d0c508586c01bc52a478912884d88d6650b8d,0.001,No
0x52fbcbcfc32b68b4b3c29058f60a03a7259639df,1.00E-08,No
0x531972a212f06bd29178e42c56106301be1c30aa,1.60E-06,No
0x534feb15eba01a07fdbb3fd4a0654d3fb2017704,1.5463928,No
0x53cd22856147c043c0a587b39701f7e535370b4d,0.00018984,No
0x53d1647ca08e64ee882b9acce6b9afcec57d022e,0.1081,No
0x53f2736fae551c998d4e72e519f1acf474264de4,1.19898903,No
0x54733e949758a8ba9b8f2d4519d91e44aee561e3,1.30E-06,No
0x54e40e9fa91746d51a1ab0cf068a74fb94c97379,0.00150405,No
0x5531ee625f93e7ad61d6e10175aafd2e57d50657,0.00262376,No
0x558ae893891740c6a7b5079020297aa7dc05fef2,1.60E-06,No
0x559c18c293d233b8e84310b1b7438629adda8af2,0.00039194,No
0x55b5bc2ead30c87b79335d8349ba164768c4a9a6,0.00020194,No
0x560a2edd994f2ba4883cdf8e0d164558d8c803ac,1.00E-08,No
0x565434e68a20e39aee2b5b99ccf19516028d2dfa,0.00512695,No
0x566f210db6328da33cfff3b07637952148313d8b,0.0401044,No
0x56ad5cc1b3c57fabaa726d0694b334cbbcfeb53d,2.63E-06,No
0x56c1cca015ddda255f2900a5b72ecf0d7236cfc5,0.00336508,No
0x56cc5ef132824e04a670afa5ec47eb478aab94f7,2.45E-06,No
0x56f6492549267775f2c1c573ac72eb87b9c12dee,0.38767087,No
0x57e25fbfc552d77803077b9db61e8ef4ef0e3c3e,4.49E-06,No
0x587bba475ffaff0d7cf17b760a16ec3797891205,1.25551702,No
0x589f24cc3bba5bf077009c22c25bf6829a588e53,0.02,No
0x58d2bfac7878772fa58a68c171ff14dee6cd73cf,0.00050023,No
0x58e9b178417f5ac52f77947799e1640d3faee432,0.05480001,No
0x592e7481afa2be52560a6394842fe133421907de,2.52E-06,No
0x5936c13bf832b4adff578baad58b722105ecdca5,0.00440165,No
0x59f1b0e21875b405de104eeb8a24b9314c3cf190,1.60E-06,No
0x5a469b71675fa190f58b519e1aa84ba5e5bf6747,12.00531166,No
0x5b2a9a882379508bc1570acfbcb30a1460ef8f56,2.49E-06,No
0x5c7b3ccd7c75de93296bc3a8dc991bed4f9cc432,2.77E-06,No
0x5c9e5c93e7111e638b241e05d72361277016a01b,0.04019992,No
0x5cdd36a49e1ed26986fca5c3045313f5163815f1,0.00072404,No
0x5d2ddaa8127f000a7e0dc69030d46b7c3d05ab89,8.62E-05,No
0x5d43d8bf75f5fd42ae039f7d600a7f9ffff1c009,1.60E-06,No
0x5d4910057780218d7f282547ae8ba901569f5302,0.001649,No
0x5d81166eabf8810b3631ad7117b72a9fd8b98e36,0.0002532,No
0x5d8e921b6b633c1f2285a6aff78ce2b8e101ece7,3.90E-07,No
0x5d9136171e03cb08821e744d8897bce94a07d223,4.40E-07,No
0x5dab2220b4a29edd9f44799dfb75a0a3e6b3a08c,2.19E-06,No
0x5e25c391810ee5bc705c87fb51c368612982d57a,0.3,No
0x5e60cf45f8f009ac7cd1b773f271b4ab9846d640,0.04833905,No
0x5eb22ece56cef0ff55e8b3280373e3a6a48baed0,4.32E-06,No
0x5eb6465cbddcd3f2c40bd25fcef90d5b33a0e5c8,0.00101164,No
0x5f63fa3be50660472bbc06ad630f739c91ab2d51,1.00E-08,No
0x5fa28e9940875d97f3657a643eaa7ec34f2dd4ca,7.86E-06,No
0x5fd04a482660cfe77c3d20992510eb0c652f7e5e,4.29E-06,No
0x60a363530ec7db4fe74f5ebe62c337fdca8efe0f,0.2,No
0x60d29be79ad05479ff835eed97f607dc45d1f5ed,2.00E-08,No
0x61300de79422a18b69fd3afe4238ec5aa1df0635,0.01090929,No
0x6234ed1684894dd9433431a06144cbf98ec79d76,3.38E-06,No
0x62a26d20a6f2ff516cfa5155e445899a6ff59eca,0.00225876,No
0x635f58d75e918c394c01c67043e5c51deb4e49d8,2.91E-06,No
0x63faf8037bd465a9921fb7cff626a01184e55131,1.60E-06,No
0x6418d2c20fb145b48110340b8cc96e7042e4fa36,1.00E-08,No
0x64d51da5c6982f513acce40b6d8b3ea763489f5a,0.00042,No
0x670e3ed228652bc921b4b02ecd3bfc6f622ae49a,2.60E-06,No
0x6718bc8dd6dbdb4f0e5d0ad62291ded00d4d6a4d,4.58E-05,No
0x6719158952882e1d2b017ba65e4097c695937b95,0.0066117,No
0x674651fc76f15e574bc62e73c6ccceb8e9fea8e6,0.00040163,No
0x67922a9561423548a9ccfd67ad80d6c637c26bfe,0.35098346,No
0x67f503913fb5361120595e1c16f16df12393636e,2.10E-07,No
0x682094d3579ed47acae134aaa8f20d814a56958b,1.00E-08,No
0x68772ebd1dfe2ef4947097f4e1c9cd9678489530,0.00035933,No
0x68c6e4554d2b8153c0f761147ccf4e20c5997fc5,3.20E-06,No
0x68f338363b5ee4b7112a1a185a42f90c2115c7a2,0.00033348,No
0x6948831eef2932b424544d99790f855ea5056581,0.01905223,No
0x6969695e6951cf16aa2502ee57144967dbefc3d4,1.85E-05,No
0x6a15f51724e745830fe56f9c5880e27dda8518d2,0.06251836,No
0x6a32df331d2623d0caeacfb4c635511766f0f62d,0.02147409,No
0x6adceb70eb159c03edbd98c2fb7edab674abd7b5,0.00055089,No
0x6bf98b50cac52e78660deb765d9eae1318d6deb6,2.54E-06,No
0x6bfa944d112ad577adbb2edd39457fa6152206ea,0.1202023,No
0x6c33eb71b98512d71183fe4a45d26bdea819e847,3.51E-05,No
0x6c3f5990c0b31e17fc5c9f728819eac14d6f3926,0.05,No
0x6c45c8dee9d1e36101861641fed37ff2a8f6ce30,3.02E-06,No
0x6c70e5fc4e4926cd836a6f8b0645aa1a077fa605,4.00E-05,No
0x6cce86bbcdebc027f6e838f0a11f45d159fe631c,3.20E-06,No
0x6cf9aa65ebad7028536e353393630e2340ca6049,230.19068,No
0x6e5dde6ba278033f21bae5acae0e6cf222b546a7,0.5,No
0x6e744c8af30c06f15869e4a7c95b6c4eef54a483,2.00E-07,No
0x6f65d11a3ce2dca3b9aeb72e2ae8607b6f4e43f4,0.12483191,No
0x6fc91bb89913f59f9ded02828450e6750554c7df,0.02547631,No
0x701ca837b58b5af9d5e3080b7ebab20c6a6bead2,0.03671898,No
0x70853a1a894d81206671125cbb9548850c0ed5a5,0.0475119,No
0x719d87b6d73127e8790790ac83fbb58c18897f0f,1.25500001,No
0x7280302742f9ef6b8fa4017241fb6b23e8b28ed3,0.23484229,No
0x731ebfea5653b8afac89158d883388794dd48331,5.10E-07,No
0x73831e7c600f48cebbbff957b466be8e5c087f34,6.10427131,No
0x73e5743e1da848be4e173a04dcdede5075bdae38,3.03E-06,No
0x73ee37b008a3ce3290c4652c6988d5eeeec4a831,1.50E-06,No
0x747e109b9ba062839c1cbb7608d420b03111ecd3,3.67E-06,No
0x749da3b1ca18f020f1454a9c813f62b5aa823264,0.00294778,No
0x74a2682aab14963622425e313b9acb393aef4799,3.15E-06,No
0x74b892cb3096d8a95f30ef39112fa809aeb303fd,0.002816,No
0x752ae5795785fefa0ffa737654a0f36a7d6db4d2,0.00898723,No
0x7568c4e22b8b4a069330537d2e51ec99754e0a39,1.85E-05,No
0x75c0ff5ded81b5bc27e9172e7f8231827f08f8cd,7.3595561,No
0x7672d5c289e04048e5ea88c04c40ece7d0f0f31f,0.00055496,No
0x768256701717eff33d8a60b1ad2700f8a600aff8,4.70E-05,No
0x7701626c7068f7e551df146bc097c630ce2c64a9,1.60E-06,No
0x77612f6856daf05dd2c2de6f7d7fa4e11af6d1e2,0.034,No
0x77726c5a3dff708356aa355488b69eebd8490453,0.45950883,No
0x779723c268df5295da59ca8e7ce4f7d1f4caad2c,6.14983682,No
0x77dd365e0aa8102de4c4c1f715393f25b465ec60,1.29080942,No
0x78a722812270ae57972ef0aa6f76bb9e50655a07,2.43E-06,No
0x78d1af7cc3e9cde2c0c90fa9bf1d831fb6bb9c12,6.00E-08,No
0x78ec2bba8a1a36a99c2f8ece6df01e22c102bfc3,1.60E-06,No
0x7949865fe8f049f82687e7cbb49d041e8f76c8a4,0.00194903,No
0x7988cf76751664ef4506e55e7c53184fdb37662b,0.03,No
0x7a0c9037fb4e51dd10a921e1ea8aaee07862f644,0.22422279,No
0x7a1255670ae71498e4b24dd04ff735d8d5e0dc97,2.34E-06,No
0x7aa7a54d58c8b2f2a8559301c880d3ced10b7e55,0.01607423,No
0x7ac1892b7f8b10e151e17d578cb971dd506bbdf9,0.0015,No
0x7ad44b5483987e482a6400f2250eb742aa20f6bb,0.00439941,No
0x7b699ebe7e2e05d1289d6ec0f38ade471f675994,0.001,No
0x7b92854678b631f157699c84153673dbcf8fffb8,2.93E-06,No
0x7bcb73cfafc8a1481585cf74665f726f4c695f72,1.60E-06,No
0x7c05b016091db34e7cd69f4e0ebb33c78f700df9,0.01251213,No
0x7cbe684ac5b29437cb31fd1b17e1678653a8add2,0.0145,No
0x7cfc764a24b16e7e6c46e73d05821bd7459f956b,5.90E-07,No
0x7d2ca4eae818f51fc1160a7d477d7327d1737539,0.01068774,No
0x7d9ea6549d5b86ef07b9fa2f1cbac52fc523df65,2.40E-07,No
0x7e12d7d96a93c7fcf934902b4078f1f0b55f62ed,0.00018687,No
0x7e1bf6dc382493e9f0411bc54105903bd6c479fa,8.10E-07,No
0x7e665599251cc6c6d6979659956e0a1abb7756b0,0.05,No
0x7f1b546314c933dd12ad7a1e0e3ebcbad728081b,0.25000001,No
0x7f2190241ea2625c07e7c34196afe061a6e35a26,4.28E-06,No
0x7f3318eb2a30d58f264e437725db72b37000d4a9,2.68E-06,No
0x7f9d39de53a3036463146e91e921cc9fbfcb2de4,3.00E-08,No
0x7ff9e9b3c4b340073f66cf172ff3f65eb9a6bbaa,0.09586625,No
0x8043e789fa547908f14b3c21897916df728fa28a,9.60E-07,No
0x80c05eb155dd412c09786ff7e1c130c4a0f36d1b,3.79E-06,No
0x81238dbdb74348aaf8ff81c37f7d926b85addfdf,1.60E-06,No
0x81b23b95da99e320b7e65f819b7a7e2f426bf174,1.52E-06,No
0x81bf8a67e366aa80d0ba728f0a7c1c60c335782e,2.05E-06,No
0x8259e97aeee3d8fab5fed05eac3e85cb93dca91a,3.13E-06,No
0x82a6d0e000577c0995a9980126ed4601c893a550,2.77E-06,No
0x82e5369034314d4f162265cf67e4db4227629047,3.58E-06,No
0x8320f2da8bbb3df1aaa29be726dc41b0955b7fff,1.60E-06,No
0x83899d6a0d4a3af7460e7ddccd38a60ff97aadce,0.03060004,No
0x83ae04a9a6d416ba0a7c2fc3f080a6a9a6f70e4f,2.20E-07,No
0x83be3f59f144d694a842c9b358e395bb2df14e29,0.013144,No
0x8463440ec4fb713fcade7e8fe7d3a7788fca91cd,4.02202776,No
0x8497a80d46291e53f5f33200bc3823fd6a600284,0.94585036,No
0x84cc5c7b0e3cc2f04914a2babdde7d64df839e23,2.94E-06,No
0x8529c2329629040a51c55569cac9f1831638bd93,9.33E-06,No
0x8536439181575a75f65d7e6d9d212fdb086b7485,3.02E-06,No
0x855c6a7a1965b7bde3114792ed0b5c2c393b9831,1.60E-07,No
0x86789a263733d5b031a689067ca6186fc8300e08,1.05E-06,No
0x86aae874a6acd6c077acee0cc9fbb3b68e831bb8,0.86233106,No
0x86e99e1c55dbc697986ee8ee245ff7219ee71dba,2.00E-07,No
0x87341ef9c029b87a32e0c5ea386bbcbede07c5a8,0.00068521,No
0x873e745215af64089bd00b7f2f6b03c478511e05,2.48E-06,No
0x874a9527c4da81c89ce8193497c28d5500089316,0.0001,No
0x874cc5222207858c4ee336386ed32d5b04293d22,0.00015473,No
0x8768d87480d7e9d17a727690b7131f5e6a0bcb77,1.60E-06,No
0x877fb99ada4a65d5ea6afe23bc7818a633b15e0f,3.00E-08,No
0x879ada9eb253c9ed49ffd93a9481b777ced93e5b,0.05159263,No
0x87fc1313880d579039ac48db8b25428ed5f33c4a,0.28507609,No
0x8803b13a6e89c84a1f4a192b64996cd6d1495d07,0.06752416,No
0x88b68d7660599e16e2397d5b4e2814e03c579fb8,3.44E-06,No
0x8919014b0f6746407ce40670737bf8aab96f8124,6.30E-06,No
0x8946767e9326157c541be43128752f322eadbb72,0.00190274,No
0x8951d33dbcca3f56f47fe8f8b0a15c80fcc041b9,0.00033114,No
0x8983fe4815d6f76a06eea0d6b17a15054ea3be51,1.60E-06,No
0x89f684e101e91ae39a4be1a4c7e456b04832bc11,5.42E-06,No
0x8a3b4e34a8398208d23cf5f873a2ba136d4ace8d,1.60E-06,No
0x8a5e56fd86a10147aaa5d36c28d4c3f976124a3a,0.0024893,No
0x8b947a3f891b0eb514372689f40737b76c9eaf80,1.52339564,No
0x8d82268f0ec6e222acba2870dc351dff0196f5ab,0.00200574,No
0x8d8fc6ebe594ff30ba34286f29f265d9aab018da,0.00056834,No
0x8da490d6992ce082bed7683b6bedba31a02da610,1.60E-06,No
0x8e1425beb87ee8d385be5eb65a87ff2cdde40568,1.00E-08,No
0x8e3bbce06051c9a61d0991bae194da6977eed164,0.00035788,No
0x8e70a91d325726bcd64a917891676333b739983c,1.29524338,No
0x8fae89e0f855784c3822a7d915d77dccfffa23ce,0.00162005,No
0x9066af80c43144676d25e16dd6e959db56bcdc39,8.10E-07,No
0x907616b02817e0963a3c26aa68aa83b0e57ce15e,1.60E-06,No
0x90ac122c9f55d23b860ed8d05a27edd16f113618,0.40500008,No
0x914a4324f5ccfed5d21c48103e2784181c0f17a5,0.00068374,No
0x923264bc7f33e983d6c8ee9125dbe6e522ac2de4,0.0012,No
0x929de53d40befff36e459cf5f9e0a30417b145ac,0.02700202,No
0x92a1af6a95627b0bbae52753cd546714b5f525fe,2.00E-08,No
0x92ea5d1c26a96693c450a837ca66836b93551482,2.66E-06,No
0x93536e46fc4b1677eefee6a3f7f3a872e35f090e,1.60E-06,No
0x9370c2154fbedada874b3b4cec3ed5417bddc07a,0.038,No
0x93beca36d5bcdc7be0f9ca38b1b5f5f5292aa859,0.11611648,No
0x93ebe198bdb4f759641c2646d08aafe7f4e3d5c6,4.83E-06,No
0x93f86544f227f9e532b0f689648cb863c4f7d0ea,2.90E-07,No
0x9428e55418755b2f902d3b1f898a871ab5634182,0.0317776,No
0x945975e8320501ed81f740454cd48b8b583f63a9,2.77E-06,No
0x94c1dde8c3a1e9d08b5397d608abca3feb9dc387,0.08969068,No
0x95463785f0af2515e55f95794f41be84e5bc7483,4.43E-06,No
0x9556140786a22bba4d626ba4364c1d888550ae3e,1.00E-08,No
0x962f0cfd42014f5d176cbbe7562402001cd7b3d5,0.00268146,No
0x965b3708be2c13ae36791ad6267dcc336da75279,0.00303667,No
0x96889699be43e4920a2acc256444fb41c3131b7f,8.10E-07,No
0x97849fb0dd573dc48cfa394d1703e881893b6f4c,0.00029555,No
0x9861ae0e2c44a7ff727f5c2b1a272133f8f79f95,0.0427,No
0x99b51a0c7afa3364cbb0cbce395f234224141658,0.11612874,No
0x9a2894696413d9d0565ade6ae86572f78bfe8d19,1.00E-08,No
0x9aa8073d0d4bf70971cb71fbdaa28d18892b4cce,6.00E-08,No
0x9aa8964c4f1607c0e235e8a5fb736ec0fdf42fa4,1.60E-06,No
0x9b0ce1a1bf9a39610eaff67220c8a05c1ca4e86a,0.32210024,No
0x9b6c45c1d3ac877ecc687c9136a7aede6675dae2,0.30077941,No
0x9b8b390642655d71daf2c7d6b965e4f816b20804,3.69E-06,No
0x9b9ad2059f1c7d35d4866ca831530c7e0bd1b280,8.10E-07,No
0x9bcfb4808e6c6f066b08909938dd5ec19a48048d,2.01E-06,No
0x9cdb0d576b03d1b43078383cd0064ffc237bb816,6.00E-07,No
0x9d307992266426ab5d47c2aff31ba32775449795,2.29E-06,No
0x9d667a1ee928629b9a099aae67b489f14ff05150,0.0005,No
0x9d85c6b73661fa952575d63e15b7e167a48cc1d3,1.60E-06,No
0x9d945d909ca91937d19563e30bb4dac12c860189,5.00000119,No
0x9d96c9d10334d3e2c4d93a6ad922eb3f02327abb,0.00160945,No
0x9d99411fa69be2325d8542008d6f668f545a4a83,0.0131396,No
0x9dbf4c8c1f261f3ee4656c8cf531fafc0af36d2d,0.145,No
0x9dc6c0166caf2dd3ab77d61d6dfb52a4504310b7,0.00045813,No
0x9ddabcbf2aa5a6c97d57a055f18bf05c8f5bed17,3.51E-06,No
0x9e0fa8f16eab720d926d2d9a7b604602e0935cdd,0.00175,No
0x9ee1f4ed0deb9e9cda19e06e3852d4fa4191b4cb,0.12651377,No
0x9f23007d231f80be8e8946139f06b9feaaac4944,0.03347629,No
0x9fa10388d2bb8b7d8a2c8586772876d6302d4cb3,0.07357057,No
0x9ffe1173aa3effd3c0481ca0c6e25eacd9f5c791,1.60E-06,No
0xa033c78d570060248274f513a33c82d2c601ebde,3.51E-06,No
0xa04f7777b01cb28133432c004b7e306430964cca,8.10E-07,No
0xa0a00489b737cfd7a6bf3b39b9e7d99916629327,0.20505423,No
0xa0c60a3bf0934869f03955f3431e044059b03e62,0.0001,No
0xa0df6aa08856e3d89853d32b0b25b055cd51813e,1.94E-05,No
0xa1307039945aa42aa26b351bfbe839ef4ab6f1f9,0.00381584,No
0xa1a31a89487bfb32b69cf9dbec3063dfef6bba52,0.1172342,No
0xa1dfcd4772e709bb32e04b9306dde2209dca5f83,8.10E-07,No
0xa1e1e4f388ceb27f83bea7fee75f54b415decc1b,1.16535556,No
0xa203fb37f68032693027efd4432c73d8b3dfd6cc,8.10E-07,No
0xa23c794643e988290798108e22953ccae8d86f17,3.56E-06,No
0xa264abd57e05709613ce803032dc978b2456ca37,6.95E-06,No
0xa2a3f253fd5a3ab4dc16a81942e76691fcde7212,0.04505042,No
0xa3b43e80bed97bc9c70e355335067c41c67ea612,2.89671314,No
0xa3e584d2ee81ab715962affeb379aac6cc0c2295,0.00014538,No
0xa3f2d246bcd7ab41d1ac87cb758ca166cc1dc959,1.90E-07,No
0xa5dc3063a2fc22a80d28cf7906ee667b5ba7bdc5,0.00122088,No
0xa5e5f75110ecbc2ac1e34daf9e6b361e419183c7,4.25E-06,No
0xa5f95374ae96308fab4034acaa44324b8a3f9c67,3.69E-06,No
0xa709f92dfede9b3b60baddd3f93b607b9d852df8,2.89E-06,No
0xa70b474a1383c0d246bf49b996b8c7ea3a1d6ef0,2.80E-07,No
0xa88224f1c81429687bc5ebd82d28f06e545a2834,0.00177021,No
0xa882274942375e933c52a815ccfbf1f94d12b0c6,2.45E-06,No
0xa8d61173033dff6c0b65c7673da321d68c8d1080,2.40E-07,No
0xa9a93fbf52a74eba6ff454456b90f035fbb12952,10.0067922,No
0xa9dc12ec60dfbcb00b84cfcf14bca2493ca965df,0.003,No
0xa9ef8855a7901b2886110b69e6ddb438e490167f,2.00000023,No
0xaa9d7168793401e737f8a32424eeaaf623e26130,0.05,No
0xaac28dd8a9638948faf4482020e06a965b8b9ea2,0.0001,No
0xab07e3c7134c12f26f66814a35fa57733a705eaa,7.26E-06,No
0xab2af64e029d4b749417de44650395e4c3f3b3d9,2.99E-06,No
0xabdf63bc669bfd2b1f4d96c7fe9c59214ff01c2d,8.10E-07,No
0xac19be9ae55a2b828bb5b155aed7ea6bdf9c7993,0.025,No
0xac1b55d274549d95d3e9e3606191dcb04be9732b,8.10E-07,No
0xac7632961a05dd5172a39fbfcdf3dde0c4fe7f45,3.06E-06,No
0xac846c69058e800023e1dd114f09df2b7e93f3a4,0.57064024,No
0xacb06d644a3f339372f30319f4bd58cb9ec3f535,3.08E-06,No
0xace4051f5e77a4d5f7cbc2117579476d668235c9,0.06697113,No
0xadfad9dfc36a22b45e173162588e474e2e37f630,0.09612629,No
0xaeaf54e64bd84cc8cb6186520246c376f17bcffb,2.71E-06,No
0xaf077429e6a1c14bd0b84fdc5cadde6c54e03015,4.40E-07,No
0xaf815b7e7b2c3839b7b706e51df318becf60003c,0.00079627,No
0xafe1c1828f50ac4f77b5bba89ac1e20698cc5377,8.10E-07,No
0xb038353ca3166ebf9b33983607540cd18d43e0a9,2.96E-06,No
0xb14b446a0bd478092827af71685b78b673a97d6f,1.00E-08,No
0xb1727436ff7e1d8634a8543f9b5dcd0517135bcd,0.02150028,No
0xb1fbe7004a210b2062fad31754ee365e9cacb6c2,0.00388005,No
0xb389bef07bca2062b69e58215b234d3fe3f4a666,4.05E-06,No
0xb3adfd3c69d166321d87708e8c12abb9e5a7ca45,0.00360896,No
0xb3e63ce01549bf9b6e3376986b794fb92ca08e48,0.01,No
0xb3f09f6d5d1d22579383e56123b7c360f343e255,0.25031966,No
0xb3fc61cf741c5f86a078d30329f5763a58f7b1d0,0.00999604,No
0xb4e035dfed65a3c967611c2fd7230603585a3c0b,0.03291336,No
0xb5b504651fed1b0e17aef763aa4855195ce970bd,1.60E-06,No
0xb5e1f41e12a2c88dbad30091f161df13799d10b0,0.05637925,No
0xb5e49ded917cb61cc4ae5dd003eeb2ec293ae1a9,0.00665718,No
0xb6199c20a56a88e7cb0e244798088b7d1a50039f,3.90E-07,No
0xb7e6186cb66ad5dad59ce06ccf43076388b2a84f,0.025,No
0xb8157b016b21ce2fdf75187e0099cebed8765a6f,0.00036283,No
0xb85dd355535b771d607caf67b13b576cf5d71d10,0.05580017,No
0xb9771f0b0adcdfdc1133d692ec9c351be6871b1e,0.25000001,No
0xba14f26ab065c2f3581ca772a156bb7e22a6d44c,2.42E-06,No
0xba2ef5189b762bd4c9e7f0b50fbbab65193935e8,0.0001,No
0xba41da9b3be956c49a70f097bfc5410734750403,4.00E-07,No
0xbad24a42b621eed9033409736219c01bf0d8500f,1.00000002,No
0xbb7ee5c04bedf3a9587577df68cc0ab887aaf760,2.59E-06,No
0xbbb2b44586bedee77156cbbbfcbfb6521d9333c8,3.30E-07,No
0xbd0ded378dbb29f84f561c7be642bbaa3bfa43e8,0.02000337,No
0xbf19b4f1c360fde9a8587fc2581836dfeb99828a,8.10E-07,No
0xc029c3a76091714fb9b7049c43452967e4dff2e9,3.13E-06,No
0xc041b498c247786c5ca28c0034cec4e024dd21e7,0.06504158,No
0xc0939ab22b8ad20c4856bae603742dc05b224c26,0.30506734,No
0xc0c5aa81924d0689da35f45c2fd10c91633d2d9c,2.25E-06,No
0xc232247fcbc3285bab034fd7286523f1d1530a70,0.00219606,No
0xc2621530001c9f833e6cc36523229d8a8b42a0c7,2.57846974,No
0xc36de46af86a8efba1de15490b26c718f67cbdb4,0.2,No
0xc3f8151a65b8d4bad37816b315c88dc0529a7bba,2.77E-06,No
0xc4787f14f05c99c7d6404c4286881f1d60fda341,3.43E-06,No
0xc4e082a62a818f16663286ee708553f41ddad6fc,9.36E-06,No
0xc4e53d4a057a3ddf6da3e149cd94e05cbba4c9e3,4.10E-07,No
0xc5af0b947bf60aea60a507ee793abcd0514f2b3a,9.10E-07,No
0xc5f3a9d210d98c5240075b44c3105e7de0041a71,0.28,No
0xc66528583e5306f50b76d435a3ae59a6e5ffbcf7,0.075,No
0xc760fa002829527bd9e07d1403fa953bd4793b62,0.045,No
0xc7790bc508c25774ef6fce30430e727cd40d7117,0.00034748,No
0xc788abc07a15f120748338a538af72f5fb1f0af0,1.02E-05,No
0xc7c5747ceba23b0cfc869f56458a43fc58bbcb84,1.60E-06,No
0xc82ef70fa397a9e2d2dbd1407b6f273f5697344c,3.65E-06,No
0xc8f790bf7324e2b3718e3b61a2f8964f7e4b5aa8,4.10E-07,No
0xc903351b0ff4e02eb4beab80a9b0f43ab85e27a9,3.80E-07,No
0xc99cda568e2d3402ada9a808cacda6e85422b556,0.00990967,No
0xca0e8f557ea98f950029a41d74f16dd76648b1f1,1.00E-05,No
0xcaeda81745987e4de66f5cd5de81bb1510ff9c53,4.17E-05,No
0xcba1a275e2d858ecffaf7a87f606f74b719a8a93,0.02200063,No
0xcc20dfc2cb49f64daa4c7a21b99f6fe5304bf203,0.001,No
0xcc2e82aae5809eab3b1b8c18588d6d39c33509f7,4.90E-06,No
0xccbe3222fb29f6ae39612be6fc6eeb1b9dc306d3,1.60E-06,No
0xccd64b8f9f69b31afc0905e5017bf711eec43cbd,4.30E-06,No
0xcce782cbec0dbb27ab6683f5fe98331d4de33207,0.001,No
0xcd0db601ba177aa01de904e0f1ca90cccc44408a,1.90E-07,No
0xcd0fbba9927f6004dbf7cdbfa73fd26a661bc694,0.383,No
0xcd270ea8ff7905aeb0b89a840c9e6beb5a034476,1.89E-06,No
0xcd6ce024ec816bf3843d548c41a41aa22d86c24f,1.60E-06,No
0xce0884c1cd82255361c247769d054584ae61a991,3.42E-06,No
0xced08c769e2a94e34c5ccc9affb67aa1d75be84b,8.01E-05,No
0xcf07aeda16eba7c76f91a589e2c5265b1bf379a8,0.00129923,No
0xcf2d5de01d166ae1f12b55e55ae2c08e69dc5a8e,0.05,No
0xcf59b29b29acc4edc5ad92e1f508f40378c3a0c0,3.19E-05,No
0xcff58799a662e686a2695bc487c52d7feb099015,9.73E-06,No
0xd045b19c8d3e9f657199b55796ae5bdd9d0420d5,0.01691312,No
0xd09f4955a9d00543de67a293c01c928226bd756a,0.00041326,No
0xd187ac83334467f59f0e68ba4629f6c23e325cf4,0.02601999,No
0xd29a8de20d942fde4a7e94575e00251f78d117f6,1.60E-06,No
0xd2e428ec6e0fc9bc3db42aae68fde887bd00a699,4.63E-06,No
0xd305e3e889bb88b9225a5275f4aade015ef82f1b,0.001,No
0xd30d08f7286cc8379bba2dee721a03a63fc3e3d4,0.00614105,No
0xd332c03e0d91dafc8b811ab0394213e5dcc9a900,4.70E-07,No
0xd33ed9f31151311da8e1fcd338b821daeda22c18,1.60E-06,No
0xd353635dbadc7e7e7026c2abdf8740c0a6df1505,1.60E-06,No
0xd3664d69e455573dd36081b9f19a5247b1579bd8,0.00232812,No
0xd3a770dc5cfd52f92bc5128ebe9ac91df1c1e45a,0.61342857,No
0xd3b63a7eef249d190e873d4f234a4e1ee6e7cb87,0.26751581,No
0xd474bf71b2e84b9cc549d0e4ac8556de2fbeab5a,0.01364548,No
0xd48245322bf9223f54f97836837963a9da407cf1,1.60E-06,No
0xd4d165676d56588568e79f50a4bc572c9b6d27bc,2.22E-06,No
0xd52a1d400fa3b578adccecccff33fd19a832fcd7,0.00750167,No
0xd54553dcc17724cdb66890ce04ee45064d032cbf,0.02434299,No
0xd558b7cfe30c0d81b85ad78406539767a464517e,2.18E-06,No
0xd56e9f604ba364d5df09730afcf946845ace6683,0.00017734,No
0xd67fd175eb86c1bdce91199fec02950559b61270,0.00281125,No
0xd6afeb2b8b17499dde4389b3ef71bacedd29140e,1.60E-06,No
0xd7c0513699e0e44598ec14cf42d653d8e3dc7e40,3.99E-05,No
0xd816c416e26a87479a3f59b54a29c1ac81997e7f,4.63E-06,No
0xd8291702bd59db2277dff5729afb70d04abc8285,2.71E-06,No
0xd83711f4d322e9c450f2729b833d6386abbb44e5,0.00074374,No
0xd98a6c17761f4527dd60092dd023a07c455f244d,0.00280002,No
0xd9a25eb18a00d8987c479dd142ef6c8da18a634e,0.01610018,No
0xda74581a14899b2801eb5f822357f0c2c98fb936,4.66064575,No
0xda8ba7291d2033e1426aa81e7cd2244993439603,8.10E-07,No
0xdaa45cd04ee600f24fe0544de4758b617b207572,3.00E-08,No
0xdac5f39fbc52ccf3663ca70793bf8617be89335f,0.00453612,No
0xdae92dc8849921ad2f6be522e98fceab4b4f85cd,1.41640753,No
0xdbb54837ac495f75e9172eb030c608a6b23870d7,3.90E-07,No
0xdc1987f0b4348fdab1119fcc59317f5310d12b5b,1.71E-06,No
0xdd252da0914be95743ce5ff3234c69e68ba4479b,9.10E-07,No
0xddc1e0604b67eac733c17a7f5920e875df8af91d,4.28E-06,No
0xddcadcaaa01db19bbab3924293f9e419e19c04e9,0.0015,No
0xde8d055d33ae712ffa5354a2af9abb9f3e9417c6,0.03105191,No
0xdef3ac919c6a1f14dec832455fe71c273e9a20e8,4.98E-06,No
0xdf264aa414de9e510aeb1c3bf65e18cb0a246b1c,4.40E-06,No
0xdfde5fc583e9a36c671d4749516fe5c76097aa78,3.10839224,No
0xdff43e9daa302f97a4c6c73aca4337ce3b8392ed,3.05E-06,No
0xe017b85e60e30fefbfaf615633262b30c2fa50f0,0.16,No
0xe145b32f15655b69baa41a8fa408d7a2622a1029,2.47E-06,No
0xe196b8c4bf8bd32cde4fc7ca06ca218bd62fa550,1.60E-06,No
0xe198b5f381e0f7e7de9a9d5b6ffe9b86801da7a9,0.01994699,No
0xe24c0d83310782ed694bcea9bd512349c3219f21,0.09,No
0xe258d7659c0fe98c75fdb42854d4e3629af13e54,1.60E-06,No
0xe4c1cad4f7107649fd1db06f4cae496ffab7b616,1.00E-08,No
0xe4f173f924d509ca1c56cdc755d812cb55514c57,0.0001,No
0xe5511ac6662ceee2be5a665f54e10c6add5f7897,1.60E-06,No
0xe598aecc3171ee3522ef3588a53102c7371ce0d7,0.01433822,No
0xe5c6d1e0ea5cc494964dd3696cd296ea588eb9cb,0.00086,No
0xe5fad8315a06365ef115714248ddfbf9acb1ee86,0.02667543,No
0xe68b21fa8ded7202f86d2c16911414998ca7c123,30.11933624,No
0xe6c6460061adba2b467bcfe56feb15d867996fc9,1.60E-06,No
0xe7177d985b7a8a1e57f741cf1cabf694002f4342,0.1,No
0xe8ee6ad0b259ce989a8b6ceac0de16a04d1ad1c1,1.60E-06,No
0xe8fe37c149754706cdb3d701520e49b115b79bb7,1.60E-06,No
0xe95c4707ecf588dfd8ab3b253e00f45339ac3054,0.06910911,No
0xe97e02e8e5ea438e20c5c67c576c7fe7c1573790,2.51E-06,No
0xe9a149de4e29fd644659fbacc524c295bc381f0a,0.00179436,No
0xe9a788dacd3de5cf4bee7ec2fb3cd36110825464,0.00040305,No
0xea35d8b0888bbf57c5f834d6c195e9e133ab3a46,2.31E-06,No
0xeaa0d991a7669d2a20afed9d842f8f4d2da35eea,5.51059612,No
0xecb24f1c438f656e8499a88168ac004c6dccfb6c,4.65E-06,No
0xece0c205917261345ca771efe43c7fd66110691c,3.36E-06,No
0xecf5270608e3187996660bc5480cf4cfd9e310df,2.50E-07,No
0xecf96152187bb1952addcde3cdf203af6ea7aed7,0.0022,No
0xecff9446b4fac66ab6d8a41933ada98eb66b38d6,0.00090946,No
0xed1395f13c0722d699213efc001b3eddc51a22d7,2.00E-08,No
0xed860b8e5e89b8dbafa547d78c4f75683befa1a3,2.20E-06,No
0xedb1c958cd8a12e967f0d83f116fa03e8d12533d,1.60E-06,No
0xedc15465ad25427a54c1bb3b78f6effcf038b155,1.60E-06,No
0xeded6329942c2aa7e377d53cb4f3947f4043690d,1.28E-06,No
0xee1d83e65254277c5e116eb8a9d130f9b67dee65,0.0002,No
0xee49f82e58a1c2b306720d0c68047cbf70c11fb5,0.08009951,No
0xef0a7ce7e0d993625b96fd36bc5f867ff0c7af94,0.00033547,No
0xef3a0b7184384155b5e463ff1e330b7fd9e9a8b6,0.02,No
0xef516b62e31849123bcc5f98428cb6d497a2d0c8,0.00996547,No
0xefbc2c8efc55e6f4dabd982ff4d9b65aa54e8614,3.86E-06,No
0xf0437732118f11989b911caeb4581eb73bee726b,6.77914978,No
0xf080c225d695e9c29709ba2d95a4962a289ced92,0.05,No
0xf1b31919020701f41a693e030aef30ea7f8e6bf9,0.20000014,No
0xf23e5f134e3b4d5d6c7b59da33be580b71c06f3b,0.03603535,No
0xf2437cd0b28d67a0ac50da5f0afa77a8a5316beb,6.77E-06,No
0xf372bb15333bf5d07fde0ceaa3ed26fad1c0b10e,2.00E-08,No
0xf3798349360719105480c730204fe5adbb626637,0.82418519,No
0xf3c9a7bcc03ea1bd6b7d932f1628e905da9ed938,0.00012454,No
0xf534faa35eba79c18a99a9b474c172be813975c7,3.00E-08,No
0xf5d13b0477c1ca0722cf1ed8879cc3c26530c5e9,0.00047275,No
0xf62bdafc4cb3808346c5854c0fd129f2a22c02e0,0.30000028,No
0xf7751835dc82baf2f1e008cc501772ff64bb779f,1.60E-06,No
0xf7978535eecab749d441b9f4e9d4ba6638552d56,0.01358874,No
0xf79e2affd76cf005d993f4d8d3d5c3d9ce867afb,0.00171188,No
0xf7d8450962824b752c30549f66a23e3daad69bca,0.50061602,No
0xf8390e1fdaac20e454ffa76f5a6eb4fde2facf55,0.145,No
0xf849a3d8cc9b6bc3511b7f3c0c5e97c12405b94a,0.00177445,No
0xf8cd644baf494d13406187cf8628754dca0a10c2,0.14023395,No
0xf8d8fa95e7980648653b9d69dbf8fff0a8128cad,1.70E-06,No
0xf91b2ca8e935b3a617c66b8b85a27909f1503c87,0.71274598,No
0xf97269f3ae420b864874a6f295980aca2bd97416,0.39250002,No
0xf9c761807693393cbd46f34ff75f82137aedd65f,0.00190751,No
0xf9f90ac9c85ad5f2c1e6a0f9b6a30668d33891a1,4.35E-06,No
0xfad594c8c49edb3aeaa9fef85e764ab2afd9ad5d,0.00441972,No
0xfb077f0f73cf90b8730f745c22f19df9ce7e866f,0.00109829,No
0xfc95800a6ce5d8ce20ed17996fc3751021dadf5b,0.00124715,No
0xfca2c95eed0b0eff429c8c3bd527b402fc578ee6,0.00360123,No
0xfcc800dc2ef09191a962bebdc4e998f5b3c3e3bc,2.28E-06,No
0xfd5f5f35f67d2d541d8e06a7f0641272f841f93e,0.00599928,No
0xfdd2639147a3e2df82f567bd428c1cef6cefb675,1.60E-06,No
0xfe200a3fb529a7ae22dd1db68a4339dec151ed06,0.006,No
0xfe3098d7f832bf56b776a2536745ecca6cb4a66f,1.38E-05,No
0xfec8054a38e78627d44144f325ae701dd51065cc,0.17200822,No
0xfed0ad040b443b5768219dab776ec011b4bd5d88,1.70E-06,No
0xff06c1de96423c3fc44b7df1918c5533ddbf25a6,3.32E-06,No
0xff1de14e334370e76f3e178a5523fb24c5389a45,1.23E-06,No